2	 GLU	A	-93.9	136	176.7
3	 LEU	A	-144.7	117.4	-179.8
4	 LYS	A	-109.2	158.9	-177.2
5	 ASN	A	-62.4	-34.3	-179.3
6	 SER	A	-153.4	166.7	178.9
7	 ILE	A	-51.4	-43.4	-178
8	 SER	A	-64.1	-12.1	178.9
9	 ASP	A	-89.4	-10	-178.4
10	 TYR	A	-101.4	143.2	172.9
11	 THR	A	-90.4	168.3	179.5
12	 GLU	A	-60.3	-41.3	-178.2
13	 ALA	A	-66.4	-39.9	179.4
14	 GLU	A	-67	-33.3	178.8
15	 PHE	A	-71.2	-36	177.9
16	 VAL	A	-65	-31.1	178.9
17	 GLN	A	-70.6	-29.4	177.3
18	 LEU	A	-69.6	-41.8	178.7
19	 LEU	A	-63.2	-33.8	178.2
20	 LYS	A	-73	-34.2	178.3
21	 GLU	A	-64.5	-41.3	178.6
22	 ILE	A	-66.8	-37.8	179.1
23	 GLU	A	-62.5	-38.8	-179.9
24	 LYS	A	-65.8	-39	-179
25	 GLU	A	-74.6	-16.2	178
26	 ASN	A	-66.4	-29.5	178.1
27	 VAL	A	-101.3	15.5	179.2
28	 ALA	A	-75.5	150.7	-179.6
29	 ALA	A	-61.1	-43.5	180
30	 THR	A	-111	164.8	-179.8
31	 ASP	A	-97.6	-0.8	-177.4
32	 ASP	A	-47.3	-52.9	-179.8
33	 VAL	A	-76.2	-39.2	-179.4
34	 LEU	A	-54.8	-48.4	179.7
35	 ASP	A	-60.8	-34.2	178
36	 VAL	A	-66.3	-48.5	-179.5
37	 LEU	A	-61.6	-41.6	179.9
38	 LEU	A	-67.9	-40.7	177.4
39	 GLU	A	-61.7	-51.8	179.7
40	 HIS	A	-55.4	-53.8	-179.9
41	 PHE	A	-48.4	-45.3	-179.3
42	 VAL	A	-67.9	-44.8	-179
43	 LYS	A	-59.5	-46.6	-178.1
44	 ILE	A	-80.2	-27.5	-179.9
45	 THR	A	-80.9	-33.3	-178.6
46	 GLU	A	56.6	29.1	-179.4
47	 HIS	A	-86.4	133.3	-179.7
48	 PRO	A	-47.7	-36.4	-178.8
49	 ASP	A	-82	-1.9	-179.8
50	 GLY	A	51.1	-135.2	-179.3
51	 THR	A	-68.1	-10.2	177.3
52	 ASP	A	-60.4	-23.3	178.7
53	 LEU	A	-60.9	-27.3	-179.9
54	 ILE	A	-92.4	-55.2	-176.5
55	 TYR	A	-82.6	-27.7	180
56	 TYR	A	-130.6	67.1	179.7
57	 PRO	A	-60.5	148.1	179.5
58	 SER	A	-65.8	148.3	-179.8
59	 ASP	A	-62.3	-28.1	-178.9
60	 ASN	A	-86.8	7.6	-175.2
61	 ARG	A	-126.8	155.7	179.3
62	 ASP	A	-70.1	120	179.3
63	 ASP	A	-79.9	77.2	-178.6
64	 SER	A	-154.1	169.2	-179.7
65	 PRO	A	-58	-48.6	-180
66	 GLU	A	-65.3	-25.7	178.3
67	 GLY	A	-65.4	-38.9	179.1
68	 ILE	A	-68.8	-44.9	179.9
69	 VAL	A	-53.4	-46.4	179.5
70	 LYS	A	-60.2	-45.4	179
71	 GLU	A	-55.8	-49.2	-178.7
72	 ILE	A	-65.5	-45.8	-179.1
73	 LYS	A	-55.7	-47.8	-179.3
74	 GLU	A	-65	-44.1	179.9
75	 TRP	A	-61.8	-42.9	179.8
76	 ARG	A	-66.1	-37.4	179.6
77	 ALA	A	-69.4	-37.9	178.9
78	 ALA	A	-69	-22.4	-179.7
79	 ASN	A	-102.5	2.3	179.3
80	 GLY	A	69.1	31.6	179.7
81	 LYS	A	-104.7	153.4	-180
82	 PRO	A	-62	143.2	-178.9
83	 GLY	A	-105.6	-154.2	179.1
84	 PHE	A	-67.2	155.5	179
85	 LYS	A	-77.1	157.3	179.1
